v1,v2
ham	Go until jurong point, crazy.. Available only in bugis n great world la e buffet... Cine there got amore wat...
ham	Nah I don't think he goes to usf, he lives around here though
spam	FreeMsg Hey there darling it's been 3 week's now and no word back! I'd like some fun you up for it still? Tb ok! XxX std chgs to send, Â£1.50 to rcv
ham	I'm gonna be home soon and i don't want to talk about this stuff anymore tonight, k? I've cried enough today.
spam	URGENT! You have won a 1 week FREE membership in our Â£100,000 Prize Jackpot! Txt the word: CLAIM to No: 81010 T&C www.dbuk.net LCCLTD POBOX 4403LDNW1A7RW18
spam	XXXMobileMovieClub: To use your credit, click the WAP link in the next txt message or click here>> http://wap. xxxmobilemovieclub.com?n=QJKGIGHJJGCBL
spam	England v Macedonia - dont miss the goals/team news. Txt ur national team to 87077 eg ENGLAND to 87077 Try:WALES, SCOTLAND 4txt/Ãº1.20 POBOXox36504W45WQ 16+
ham	I'm back &amp; we're packing the car now, I'll let you know if there's room
ham	Wait that's still not all that clear, were you not sure about me being sarcastic or that that's why x doesn't want to live with us
ham	Oops, I'll let you know when my roommate's done
ham	Fair enough, anything going on?
ham	Yeah hopefully, if tyler can't do it I could maybe ask around a bit
ham	A gram usually runs like  &lt;#&gt; , a half eighth is smarter though and gets you almost a whole second gram for  &lt;#&gt;
ham	Wow. I never realized that you were so embarassed by your accomodations. I thought you liked it," since i was doing the best i could and you always seemed so happy about ""the cave"". I'm sorry I didn't and don't have more to give. I'm sorry i offered. I'm sorry your room was so embarassing."
ham	Sorry, I'll call later in meeting.
ham	Sorry my roommates took forever, it ok if I come by now?
ham	Sorry, I'll call later
ham	wow. You're right! I didn't mean to do that. I guess once i gave up on boston men and changed my search location to nyc, something changed. Cuz on my signin page it still says boston.
ham	Aight, I'll hit you up when I get some cash
ham	As I entered my cabin my PA said, '' Happy B'day Boss !!''. I felt special. She askd me 4 lunch. After lunch she invited me to her apartment. We went there.
spam	URGENT! Your Mobile No. was awarded Â£2000 Bonus Caller Prize on 5/9/03 This is our final try to contact U! Call from Landline 09064019788 BOX42WR29C, 150PPM
ham	Good stuff, will do.
ham	Dear, will call Tmorrow.pls accomodate.
ham	K, text me when you're on the way
ham	Sir, Waiting for your mail.
ham	Hello, my love. What are you doing? Did you get to that interview today? Are you you happy? Are you being a good boy? Do you think of me?Are you missing me ?
spam	BangBabes Ur order is on the way. U SHOULD receive a Service Msg 2 download UR content. If U do not, GoTo wap. bangb. tv on UR mobile internet/service menu
ham	Hi frnd, which is best way to avoid missunderstding wit our beloved one's?
ham	Sir, I need AXIS BANK account no and bank address.
ham	Hmmm.. Thk sure got time to hop ard... Ya, can go 4 free abt... Muz call u to discuss liao... 
ham	Well, i'm gonna finish my bath now. Have a good...fine night.
ham	Turns out my friends are staying for the whole show and won't be back til ~ &lt;#&gt; , so feel free to go ahead and smoke that $ &lt;#&gt;  worth
ham	He will, you guys close?
ham	Haha awesome, be there in a minute
ham	As I entered my cabin my PA said, '' Happy B'day Boss !!''. I felt special. She askd me 4 lunch. After lunch she invited me to her apartment. We went there.
ham	Aight yo, dats straight dogg
ham	What's up bruv, hope you had a great break. Do have a rewarding semester.
ham	Sorry, I'll call later
spam	500 New Mobiles from 2004, MUST GO! Txt: NOKIA to No: 89545 & collect yours today!From ONLY Â£1 www.4-tc.biz 2optout 087187262701.50gbp/mtmsg18
ham	Life is more strict than teacher... Bcoz Teacher teaches lesson &amp; then conducts exam, But Life first conducts Exam &amp; then teaches Lessons. Happy morning. . .
ham	Sorry battery died, yeah I'm here
ham	Although i told u dat i'm into baig face watches now but i really like e watch u gave cos it's fr u. Thanx 4 everything dat u've done today, i'm touched...
ham	Ups which is 3days also, and the shipping company that takes 2wks. The other way is usps which takes a week but when it gets to lag you may have to bribe nipost to get your stuff.
ham	I'm back, lemme know when you're ready
ham	Not sure yet, still trying to get a hold of him
ham	Come to mu, we're sorting out our narcotics situation
ham	Night has ended for another day, morning has come in a special way. May you smile like the sunny rays and leaves your worries at the blue blue bay.
ham	Usf I guess, might as well take 1 car
ham	Awesome, I'll see you in a bit
ham	Yeah I think my usual guy's still passed out from last night, if you get ahold of anybody let me know and I'll throw down
ham	K, I might come by tonight then if my class lets out early
ham	Awesome, I remember the last time we got somebody high for the first time with diesel :V
spam	SMS. ac Blind Date 4U!: Rodds1 is 21/m from Aberdeen, United Kingdom. Check Him out http://img. sms. ac/W/icmb3cktz8r7!-4 no Blind Dates send HIDE
ham	Hi the way I was with u 2day, is the normal way&this is the real me. UR unique&I hope I know u 4 the rest of mylife. Hope u find wot was lost.
ham	Not really dude, have no friends i'm afraid :(
ham	Coffee cake, i guess...
ham	Merry Christmas to you too babe, i love ya *kisses*
ham	Cool, text me when you're parked
ham	Ta-Daaaaa! I am home babe, are you still up ?
ham	Sorry, I'll call later
ham	Nah can't help you there, I've never had an iphone
ham	Hello! Just got here, st andrews-boy its a long way! Its cold. I will keep you posted
ham	Good afternoon sunshine! How dawns that day ? Are we refreshed and happy to be alive? Do we breathe in the air and smile ? I think of you, my love ... As always
spam	Update_Now - Xmas Offer! Latest Motorola, SonyEricsson & Nokia & FREE Bluetooth! Double Mins & 1000 Txt on Orange. Call MobileUpd8 on 08000839402 or call2optout/F4Q=
ham	Cool, text me when you're ready
ham	Hello my boytoy ... Geeee I miss you already and I just woke up. I wish you were here in bed with me, cuddling me. I love you ...
spam	Thanks for your Ringtone Order, Reference T91. You will be charged GBP 4 per week. You can unsubscribe at anytime by calling customer services on 09057039994
ham	I guess that's why you re worried. You must know that there's a way the body repairs itself. And i'm quite sure you shouldn't worry. We'll take it slow. First the tests, they will guide when your ovulation is then just relax. Nothing you've said is a reason to worry but i.ll keep on followin you up.
ham	Yeah sure, give me a couple minutes to track down my wallet
spam	Double mins and txts 4 6months FREE Bluetooth on Orange. Available on Sony, Nokia Motorola phones. Call MobileUpd8 on 08000839402 or call2optout/N9DX
ham	You are always putting your business out there. You put pictures of your ass on facebook. You are one of the most open people i've ever met. Why would i think a picture of your room would hurt you, make you feel violated.
spam	FREE RINGTONE text FIRST to 87131 for a poly or text GET to 87131 for a true tone! Help? 0845 2814032 16 after 1st free, tones are 3xÂ£150pw to eÂ£nd txt stop
ham	Yep, the great loxahatchee xmas tree burning of  &lt;#&gt;  starts in an hour
ham	Haha get used to driving to usf man, I know a lot of stoners
ham	Ask g or iouri, I've told the story like ten times already
ham	Hi hope u get this txt~journey hasnt been gd,now about 50 mins late I think.
ham	Sorry, I'll call later
"ham	""HEY HEY WERETHE MONKEESPEOPLE SAY WE MONKEYAROUND! HOWDY GORGEOUS"," HOWU DOIN? FOUNDURSELF A JOBYET SAUSAGE?LOVE JEN XXX"""
spam	Loan for any purpose Â£500 - Â£75,000. Homeowners + Tenants welcome. Have you been previously refused? We can still help. Call Free 0800 1956669 or text back 'help'
ham	LOOK AT AMY URE A BEAUTIFUL, INTELLIGENT WOMAN AND I LIKE U A LOT. I KNOW U DONÂT LIKE ME LIKE THAT SO DONÂT WORRY.
spam	UpgrdCentre Orange customer, you may now claim your FREE CAMERA PHONE upgrade for your loyalty. Call now on 0207 153 9153. Offer ends 26th July. T&C's apply. Opt-out available
ham	Sorry, I'll call later ok bye
ham	Yup, no need. I'll jus wait 4 e rain 2 stop.
ham	How long has it been since you screamed, princess?
ham	Nothing. I meant that once the money enters your account here, the bank will remove its flat rate. Someone transfered  &lt;#&gt;  to my account and  &lt;#&gt; dollars got removed. So the banks differ and charges also differ.be sure you trust the 9ja person you are sending account details to cos...
ham	K, can I pick up another 8th when you're done?
ham	Almost there, see u in a sec
spam	FREE MESSAGE Activate your 500 FREE Text Messages by replying to this message with the word FREE For terms & conditions, visit www.07781482378.com
ham	Sorry man my account's dry or I would, if you want we could trade back half or I could buy some shit with my credit card
ham	Sorry,in meeting I'll call later
ham	Kate jackson rec center before 7ish, right?
ham	Fighting with the world is easy, u either win or lose bt fightng with some1 who is close to u is dificult if u lose - u lose if u win - u still lose.
ham	Maybe westshore or hyde park village, the place near my house?
ham	8 at the latest, g's still there if you can scrounge up some ammo and want to give the new ak a try
spam	You are guaranteed the latest Nokia Phone, a 40GB iPod MP3 player or a Â£500 prize! Txt word: COLLECT to No: 83355! IBHltd LdnW15H 150p/Mtmsgrcvd18+
ham	That's very rude, you on campus?
spam	URGENT!: Your Mobile No. was awarded a Â£2,000 Bonus Caller Prize on 02/09/03! This is our 2nd attempt to contact YOU! Call 0871-872-9755 BOX95QU
spam	Today's Offer! Claim ur Â£150 worth of discount vouchers! Text YES to 85023 now! SavaMob, member offers mobile! T Cs 08717898035. Â£3.00 Sub. 16 . Unsub reply X
ham	I've not called you in a while. This is hoping it was l8r malaria and that you know that we miss you guys. I miss Bani big, so pls give her my love especially. Have a great day.
ham	Probably gonna be here for a while, see you later tonight &lt;)
ham	I am in tirupur da, once you started from office call me.
ham	A famous quote : when you develop the ability to listen to 'anything' unconditionally without losing your temper or self confidence, it means you are ......... 'MARRIED'
ham	Sorry that took so long, omw now
ham	Hurry up, I've been weed-deficient for like three days
ham	Sure, if I get an acknowledgement from you that it's astoundingly tactless and generally faggy to demand a blood oath fo
ham	Fuck babe ... I miss you already, you know ? Can't you let me send you some money towards your net ? I need you ... I want you ... I crave you ...
ham	Ill call u 2mrw at ninish, with my address that icky American freek wont stop callin me 2 bad Jen k eh?
ham	I'm tired of arguing with you about this week after week. Do what you want and from now on, i'll do the same.
spam	our mobile number has won Â£5000, to claim calls us back or ring the claims hot line on 09050005321.
ham	Arngd marriage is while u r walkin unfortuntly a snake bites u. bt love marriage is dancing in frnt of d snake &amp; sayin Bite me, bite me.
ham	I dun thk i'll quit yet... Hmmm, can go jazz ? Yogasana oso can... We can go meet em after our lessons den... 
ham	I'm in a meeting, call me later at
spam	For ur chance to win a Â£250 wkly shopping spree TXT: SHOP to 80878. T's&C's www.txt-2-shop.com custcare 08715705022, 1x150p/wk
ham	I met you as a stranger and choose you as my friend. As long as the world stands, our friendship never ends. Lets be Friends forever!!! Gud nitz...
ham	It's fine, imma get a drink or somethin. Want me to come find you?
ham	Nah it's straight, if you can just bring bud or drinks or something that's actually a little more useful than straight cash
ham	Haha good to hear, I'm officially paid and on the market for an 8th
ham	Sweetheart, hope you are not having that kind of day! Have one with loads of reasons to smile. Biola
ham	What will we do in the shower, baby?
ham	Well imma definitely need to restock before thanksgiving, I'll let you know when I'm out
ham	Watching cartoon, listening music &amp; at eve had to go temple &amp; church.. What about u?
ham	Wait, do you know if wesleys in town? I bet she does hella drugs!
ham	Sun cant come to earth but send luv as rays. cloud cant come to river but send luv as rain. I cant come to meet U, but can send my care as msg to U. Gud evng
ham	It doesnt make sense to take it there unless its free. If you need to know more, wikipedia.com
"spam	SMS. ac sun0819 posts HELLO:""You seem cool"," wanted to say hi. HI!!!"" Stop? Send STOP to 62468"
ham	Ditto. And you won't have to worry about me saying ANYTHING to you anymore. Like i said last night, you do whatever you want and i'll do the same. Peace.
ham	I've got  &lt;#&gt; , any way I could pick up?
ham	I dont knw pa, i just drink milk..
ham	Piggy, r u awake? I bet u're still sleeping. I'm going 4 lunch now...
ham	Every King Was Once A Crying Baby And Every Great Building Was Once A Map.. Not Imprtant Where U r TODAY, BUT Where U Wil Reach TOMORW. Gud ni8
ham	Dear,Me at cherthala.in case u r coming cochin pls call bfore u start.i shall also reach accordingly.or tell me which day u r coming.tmorow i am engaged ans its holiday.
ham	My sister in law, hope you are having a great month. Just saying hey. Abiola
ham	Aight, you close by or still down around alex's place?
ham	Sorry, I'll call later
ham	I don't think I can get away for a trek that long with family in town, sorry
spam	To review and KEEP the fantastic Nokia N-Gage game deck with Club Nokia, go 2 www.cnupdates.com/newsletter. unsubscribe from alerts reply with the word OUT
"ham	Height of Confidence: All the Aeronautics professors wer calld &amp; they wer askd 2 sit in an aeroplane. Aftr they sat they wer told dat the plane ws made by their students. Dey all hurried out of d plane.. Bt only 1 didnt move... He said:""if it is made by my students",this wont even start........ Datz confidence..
ham	Save yourself the stress. If the person has a dorm account, just send your account details and the money will be sent to you.
ham	Alright omw, gotta change my order to a half8th
ham	I promise to take good care of you, princess. I have to run now. Please send pics when you get a chance. Ttyl!
spam	Do you realize that in about 40 years, we'll have thousands of old ladies running around with tattoos?
ham	Call me when you/carlos is/are here, my phone's vibrate is acting up and I might not hear texts
spam	Romantic Paris. 2 nights, 2 flights from Â£79 Book now 4 next year. Call 08704439680Ts&Cs apply.
ham	We are at grandmas. Oh dear, u still ill? I felt Shit this morning but i think i am just hungover! Another night then. We leave on sat.
ham	Sorry, I'll call later
ham	idc get over here, you are not weaseling your way out of this shit twice in a row
ham	Hmmm ... I thought we said 2 hours slave, not 3 ... You are late ... How should I punish you ?
ham	She was supposed to be but couldn't make it, she's still in town though
spam	Orange customer, you may now claim your FREE CAMERA PHONE upgrade for your loyalty. Call now on 0207 153 9996. Offer ends 14thMarch. T&C's apply. Opt-out availa
ham	sure, but make sure he knows we ain't smokin yet
ham	He has lots of used ones babe, but the model doesn't help. Youi have to bring it over and he'll match it up
ham	Sorry light turned green, I meant another friend wanted  &lt;#&gt;  worth but he may not be around
ham	Thank you so much. When we skyped wit kz and sura, we didnt get the pleasure of your company. Hope you are good. We've given you ultimatum oh! We are countin down to aburo. Enjoy! This is the message i sent days ago
ham	Sir, I have been late in paying rent for the past few months and had to pay a $ &lt;#&gt;  charge. I felt it would be inconsiderate of me to nag about something you give at great cost to yourself and that's why i didnt speak up. I however am in a recession and wont be able to pay the charge this month hence my askin well ahead of month's end. Can you please help. Thanks
ham	Pls send me a comprehensive mail about who i'm paying, when and how much.
spam	Urgent! call 09066350750 from your landline. Your complimentary 4* Ibiza Holiday or 10,000 cash await collection SAE T&Cs PO BOX 434 SK3 8WP 150 ppm 18+ 
spam	Today's Offer! Claim ur Â£150 worth of discount vouchers! Text YES to 85023 now! SavaMob, member offers mobile! T Cs 08717898035. Â£3.00 Sub. 16 . Unsub reply X
ham	I am real, baby! I want to bring out your inner tigress...
ham	Same here, but I consider walls and bunkers and shit important just because I never play on peaceful but I guess your place is high enough that it don't matter
ham	Well am officially in a philosophical hole, so if u wanna call am at home ready to be saved!
ham	I'm used to it. I just hope my agents don't drop me since i've only booked a few things this year. This whole me in boston, them in nyc was an experiment.
ham	I wonder if your phone battery went dead ? I had to tell you, I love you babe
ham	We're all getting worried over here, derek and taylor have already assumed the worst
spam	January Male Sale! Hot Gay chat now cheaper, call 08709222922. National rate from 1.5p/min cheap to 7.8p/min peak! To stop texts call 08712460324 (10p/min)
ham	Call me da, i am waiting for your call.
ham	K, wait chikku..il send aftr  &lt;#&gt; mins
spam	Dear Matthew please call 09063440451 from a landline, your complimentary 4*Lux Tenerife holiday or Â£1000 CASH await collection. ppm150 SAE T&Cs Box334 SK38XH.
spam	Urgent! call 09061749602 from Landline. Your complimentary 4* Tenerife Holiday or Â£10,000 cash await collection SAE T&Cs BOX 528 HP20 1YF 150ppm 18+
ham	Awesome, lemme know whenever you're around
ham	Watching cartoon, listening music &amp; at eve had to go temple &amp; church.. What about u?
ham	It wont b until 2.15 as trying 2 sort house out, is that ok?
ham	Yar lor he wan 2 go c horse racing today mah, so eat earlier lor. I ate chicken rice. U?
ham	Haha awesome, omw back now then
ham	I can't, I don't have her number!
ham	Aight will do, thanks again for comin out
ham	I just got home babe, are you still awake ?
ham	Ya, told..she was asking wats matter?
ham	Dear,regret i cudnt pick call.drove down frm ctla now at cochin home.left mobile in car..ente style ishtamayoo?happy bakrid!
ham	Lol you forgot it eh ? Yes, I'll bring it in babe
ham	Its good, we'll find a way
ham	OH MR SHEFFIELD! You wanna play THAT game, okay. You're the boss and I'm the nanny. You give me a raise and I'll give YOU one!!
ham	Hello baby, did you get back to your mom's ? Are you setting up the computer now ? Filling your belly ? How goes it loverboy ? I miss you already ... *sighs*
ham	No my blankets are sufficient, thx
spam	We know someone who you know that fancies you. Call 09058097218 to find out who. POBox 6, LS15HB 150p
ham	Come round, it's . 
spam	1000's flirting NOW! Txt GIRL or BLOKE & ur NAME & AGE, eg GIRL ZOE 18 to 8007 to join and get chatting!
ham	I got another job! The one at the hospital doing data analysis or something, starts on monday! Not sure when my thesis will got finished
ham	That's fine, I'll bitch at you about it later then
ham	alright, I'll make sure the car is back tonight
ham	Yep, by the pretty sculpture
ham	Well the weather in cali's great. But its complexities are great. You need a car to move freely, its taxes are outrageous. But all in all its a great place. The sad part is i missing home.
ham	Good afternoon, my love. How goes your day ? What are you up to ? I woke early and am online waiting for you ... Hmmm ... Italian boy is online I see . *grins*
ham	Awesome, think we can get an 8th at usf some time tonight?
ham	No I'm good for the movie, is it ok if I leave in an hourish?
"ham	Height of ""Oh shit....!!"" situation: A guy throws a luv letter on a gal but falls on her brothers head whos a gay",.;-):-D
ham	So check your errors and if you had difficulties, do correction.
ham	Sorry, I'll call later
ham	As I entered my cabin my PA said, '' Happy B'day Boss !!''. I felt special. She askd me 4 lunch. After lunch she invited me to her apartment. We went there.
spam	Thank you, winner notified by sms. Good Luck! No future marketing reply STOP to 84122 customer services 08450542832
ham	Sorry, I'll call later
ham	Sorry man, accidentally left my phone on silent last night and didn't check it til I got up
ham	Haha yeah I see that now, be there in a sec
ham	Yeah, we can probably swing by once my roommate finishes up with his girl
spam	Got what it takes 2 take part in the WRC Rally in Oz? U can with Lucozade Energy! Text RALLY LE to 61200 (25p), see packs or lucozade.co.uk/wrc & itcould be u!
ham	I'm outside islands, head towards hard rock and you'll run into me
ham	K give me a sec, breaking a  &lt;#&gt;  at cstore
ham	Yo, you around? Just got my car back
ham	Goodmorning, Today i am late for  &lt;#&gt; min.
ham	Al he does is moan at me if n e thin goes wrong its my fault&al de arguments r my fault&fed up of him of himso y bother? Hav 2go, thanx.xx
ham	Me also da, i feel yesterday night  wait til 2day night dear.
ham	Yo, the game almost over? Want to go to walmart soon
ham	Damn, can you make it tonight or do you want to just wait til tomorrow
ham	True. It is passable. And if you get a high score and apply for phd, you get 5years of salary. So it makes life easier.
ham	sir, you will receive the account no another 1hr time. Sorry for the delay.
ham	Dear relieved of westonzoyland, all going to plan this end too!
ham	I want to show you the world, princess :) how about europe?
ham	I do know what u mean,  is the king of not havin credit! I'm goin2bed now. Night night sweet! Only1more sleep! 
ham	Not yet chikku..going to room nw, i'm in bus..
ham	We have sent JD for Customer Service cum Accounts Executive to ur mail id, For details contact us
ham	Yo, I'm at my parents' gettin cash. Good news: we picked up a downstem
ham	Thank you so much. When we skyped wit kz and sura, we didnt get the pleasure of your company. Hope you are good. We've given you ultimatum oh! We are countin down to aburo. Enjoy!
spam	Hungry gay guys feeling hungry and up 4 it, now. Call 08718730555 just 10p/min. To stop texts call 08712460324 (10p/min)
ham	Im in inperialmusic listening2the weirdest track ever byÂleafcutter johnÂ-sounds like insects being molested&someone plumbing,remixed by evil men on acid!
"ham	""Hey sorry I didntgive ya a a bellearlier hunny","just been in bedbut mite go 2 thepub l8tr if uwana mt up?loads a luv Jenxxx."""
ham	Tee hee. Off to lecture, cheery bye bye.
ham	Sorry chikku, my cell got some problem thts y i was nt able to reply u or msg u..
ham	Just wondering, the others just took off
ham	Night has ended for another day, morning has come in a special way. May you smile like the sunny rays and leaves your worries at the blue blue bay. Gud mrng
ham	What do you do, my dog ? Must I always wait till the end of your day to have word from you ? Did you run out of time on your cell already?
ham	Hey...Great deal...Farm tour 9am to 5pm $95/pax, $50 deposit by 16 May
ham	Hey babe! I saw you came online for a second and then you disappeared, what happened ?
ham	K so am I, how much for an 8th? Fifty?
ham	FRAN I DECIDED 2 GO N E WAY IM COMPLETELY BROKE AN KNACKERED I GOT UP BOUT 3 C U 2MRW LOVE JANX P.S THIS IS MY DADS FONE, -NO CREDIT
ham	Ok, be careful ! Don't text and drive !
ham	I.ll always be there, even if its just in spirit. I.ll get a bb soon. Just trying to be sure i need it.
spam	Win the newest âHarry Potter and the Order of the Phoenix (Book 5) reply HARRY, answer 5 questions - chance to be the first among readers!
ham	Just sent again. Do you scream and moan in bed, princess?
ham	I wake up long ago already... Dunno, what other thing?
ham	Aight no rush, I'll ask jay
ham	Oh... Icic... K lor, den meet other day...
ham	Oh ! A half hour is much longer in Syria than Canada, eh ? Wow you must get SO much more work done in a day than us with all that extra time ! *grins*
ham	Sometimes we put walls around our hearts,not just to be safe from getting hurt.. But to find out who cares enough to break the walls &amp; get closer.. GOODNOON:)
ham	Sweet, we may or may not go to 4U to meet carlos so gauge patty's interest in that
ham	Nothing much, chillin at home. Any super bowl plan?
spam	FREE2DAY sexy St George's Day pic of Jordan!Txt PIC to 89080 dont miss out, then every wk a saucy celeb!4 more pics c PocketBabe.co.uk 0870241182716 Â£3/wk
ham	Goodnight, sleep well da please take care pa. Please.
ham	Good afternoon loverboy ! How goes you day ? Any luck come your way? I think of you, sweetie and send my love across the sea to make you smile and happy
ham	&lt;#&gt; %of pple marry with their lovers... becz they hav gud undrstndng dat avoids problems. i sent dis 2 u, u wil get gud news on friday by d person you like. And tomorrow will be the best day of your life. Dont break this chain. If you break you will suffer. send this to  &lt;#&gt;  frnds in &lt;#&gt;  mins whn u read...
ham	Yetunde, i'm sorry but moji and i seem too busy to be able to go shopping. Can you just please find some other way to get what you wanted us to get. Please forgive me. You can reply free via yahoo messenger.
spam	HOT LIVE FANTASIES call now 08707509020 Just 20p per min NTT Ltd, PO Box 1327 Croydon CR9 5WB 0870..k
ham	1) Go to write msg 2) Put on Dictionary mode 3)Cover the screen with hand, 4)Press  &lt;#&gt; . 5)Gently remove Ur hand.. Its interesting..:)
spam	500 New Mobiles from 2004, MUST GO! Txt: NOKIA to No: 89545 & collect yours today!From ONLY Â£1 www.4-tc.biz 2optout 087187262701.50gbp/mtmsg18 TXTAUCTION
ham	Ya tel, wats ur problem..
ham	Haha just kidding, papa needs drugs
ham	No, I decided that only people who care about stuff vote and caring about stuff is for losers
spam	URGENT, IMPORTANT INFORMATION FOR O2 USER. TODAY IS YOUR LUCKY DAY! 2 FIND OUT WHY LOG ONTO HTTP://WWW.URAWINNER.COM THERE IS A FANTASTIC SURPRISE AWAITING FOR YOU
ham	I've got ten bucks, jay is being noncomittal
ham	I jus hope its true that  missin me cos i'm really missin him! You haven't done anything to feel guilty about, yet.
ham	Arms fine, how's Cardiff and uni? 
ham	Its ok., i just askd did u knw tht no?
ham	That's good, because I need drugs
ham	Fighting with the world is easy, u either win or lose bt fightng with some1 who is close to u is dificult if u lose - u lose if u win - u still lose.
ham	Yalru lyfu astne chikku.. Bt innu mundhe lyf ali halla ke bilo (marriage)program edhae, so lyf is nt yet ovr chikku..ali vargu lyfu meow meow:-D
spam	09066362231 URGENT! Your mobile No 07xxxxxxxxx won a Â£2,000 bonus caller prize on 02/06/03! this is the 2nd attempt to reach YOU! call 09066362231 ASAP!
spam	YOU 07801543489 are guaranteed the latests Nokia Phone, a 40GB iPod MP3 player or a Â£500 prize! Txt word:COLLECT to No:83355! TC-LLC NY-USA 150p/Mt msgrcvd18+
ham	Just sent you an email â to an address with incomm in it, is that right?
ham	Will do, you gonna be at blake's all night? I might be able to get out of here a little early
ham	Nice. Wait...should you be texting right now? I'm not gonna pay your ticket, ya know!
ham	I'm a guy, browsin is compulsory
ham	Sorry, I'll call later
ham	(I should add that I don't really care and if you can't I can at least get this dude to fuck off but hey, your money if you want it)
ham	Hello lover! How goes that new job? Are you there now? Are you happy? Do you think of me? I wake, my slave and send you a teasing kiss from across the sea
ham	Cant believe i said so many things to you this morning when all i really wanted to say was good morning, i love you! Have a beautiful morning. See you in the library later.
spam	Your account has been credited with 500 FREE Text Messages. To activate, just txt the word: CREDIT to No: 80488 T&Cs www.80488.biz
ham	Time n Smile r the two crucial things in our life. Sometimes time makes us to forget smile, and sometimes someone's smile makes us to forget time gud noon
spam	SMS. ac JSco: Energy is high, but u may not know where 2channel it. 2day ur leadership skills r strong. Psychic? Reply ANS w/question. End? Reply END JSCO
spam	HOT LIVE FANTASIES call now 08707509020 Just 20p per min NTT Ltd, PO Box 1327 Croydon CR9 5WB 0870 is a national rate call
ham	Pete,is this your phone still? Its Jenny from college and Leanne.what are you up to now?:)
spam	URGENT! Your Mobile No was awarded a Â£2,000 Bonus Caller Prize on 1/08/03! This is our 2nd attempt to contact YOU! Call 0871-4719-523 BOX95QU BT National Rate
ham	Me, i dont know again oh
"ham	Single line with a big meaning::::: ""Miss anything 4 ur ""Best Life"" but", don't miss ur best life for anything... Gud nyt...
ham	Just got some gas money, any chance you and the gang want to go on a grand nature adventure?
ham	The  &lt;#&gt; g that i saw a few days ago, the guy wants sell wifi only for  &lt;#&gt;  and with 3g for  &lt;#&gt; . That's why i blanked him.
ham	whatever, im pretty pissed off.
ham	Sounds gd... Haha... Can... Wah, u yan jiu so fast liao...
ham	Remember all those whom i hurt during days of satanic imposter in me.need to pay a price,so be it.may destiny keep me going and as u said pray that i get the mind to get over the same.
ham	Why is that, princess? I bet the brothas are all chasing you!
ham	I shall book chez jules for half eight, if that's ok with you?
ham	Sorry, I'll call later
ham	Somewhr someone is surely made 4 u. And God has decided a perfect time to make u meet dat person. . . . till den, . . . . . Enjoy ur crushes..!!!;-)
ham	Yeah probably, I still gotta check out with leo
ham	Living is very simple.. Loving is also simple.. Laughing is too simple.. Winning is tooo simple.. But, being 'SIMPLE' is very difficult.. Gud nte.:-
ham	You have come into my life and brought the sun ..Shiny down on me, warming my heart. Putting a constant smile on my face ... Making me feel loved and cared for
ham	Evening * v good if somewhat event laden. Will fill you in, don't you worry â¦ Head * ok but throat * wrecked. See you at six then!
spam	For ur chance to win a Â£250 cash every wk TXT: ACTION to 80608. T's&C's www.movietrivia.tv custcare 08712405022, 1x150p/wk
ham	Yeah, where's your class at?
ham	You aren't coming home between class, right? I need to work out and shower!
ham	Yes..but they said its IT.,
"ham	Very hurting n meaningful lines ever: ""I compromised everything for my love"," But at d end my love compromised me for everything:-("".. Gud mornin:-)"
"ham	Painful words- ""I thought being Happy was the most toughest thing on Earth... But"," the toughest is acting Happy with all unspoken pain inside.."""
ham	So many people seems to be special at first sight, But only very few will remain special to you till your last sight.. Maintain them till life ends.. Sh!jas
ham	Sorry man, my stash ran dry last night and I can't pick up more until sunday
spam	Free msg. Sorry, a service you ordered from 81303 could not be delivered as you do not have sufficient credit. Please top up to receive the service.
ham	How's my loverboy doing ? What does he do that keeps him from coming to his Queen, hmmm ? Doesn't he ache to speak to me ? Miss me desparately ?
ham	(No promises on when though, haven't even gotten dinner yet)
ham	Sorry about earlier. Putting out fires.Are you around to talk after 9? Or do you actually have a life, lol!
ham	Fighting with the world is easy, u either win or lose bt fightng with some1 who is close to u is dificult if u lose - u lose if u win - u still lose.
ham	K, can that happen tonight?
spam	Hi, this is Mandy Sullivan calling from HOTMIX FM...you are chosen to receive Â£5000.00 in our Easter Prize draw.....Please telephone 09041940223 to claim before 29/03/05 or your prize will be transferred to someone else....
ham	I think we're going to finn's now, come
ham	IÂm cool ta luv but v.tired 2 cause i have been doin loads of planning all wk, we have got our social services inspection at the nursery! Take care & spk sn x.
ham	K, want us to come by now?
ham	Good afternoon sexy buns! How goes the job search ? I wake and you are my first thought as always, my love. I wish your fine and happy and know I adore you!
ham	I'm not coming over, do whatever you want
ham	Its ok chikku, and its my 1 of favourite song..:-)
spam	Loan for any purpose Â£500 - Â£75,000. Homeowners + Tenants welcome. Have you been previously refused? We can still help. Call Free 0800 1956669 or text back 'help'
ham	;-( oh well, c u later
ham	Do you know why god created gap between your fingers..? So that, One who is made for you comes &amp; fills those gaps by holding your hand with LOVE..!
spam	WIN: We have a winner! Mr. T. Foley won an iPod! More exciting prizes soon, so keep an eye on ur mobile or visit www.win-82050.co.uk
ham	I hope your alright babe? I worry that you might have felt a bit desparate when you learned the job was a fake ? I am here waiting when you come back, my love
ham	Hey, can you tell me blake's address? Carlos wanted me to meet him there but I got lost and he's not answering his phone
ham	If we hit it off, you can move in with me :)
ham	Aight, I'll ask a few of my roommates
ham	Now, whats your house # again ? And do you have any beer there ?
spam	Hottest pics straight to your phone!! See me getting Wet and Wanting, just for you xx Text PICS to 89555 now! txt costs 150p textoperator g696ga 18 XxX
spam	FREE NOKIA Or Motorola with upto 12mths 1/2price linerental, 500 FREE x-net mins&100txt/mth FREE B'tooth*. Call Mobileupd8 on 08001950382 or call 2optout/D3WV
spam	This is the 2nd time we have tried 2 contact u. U have won the 750 Pound prize. 2 claim is easy, call 08718726970 NOW! Only 10p per min. BT-national-rate 
ham	Sir, i am waiting for your call.
ham	It could work, we'll reach a consensus at the next meeting
ham	Aight, I'll text you when I'm back
ham	Sorry, I can't help you on this.
ham	Come to me, slave. Your doing it again ... Going into your shell and unconsciously avoiding me ... You are making me unhappy :-(
ham	Uh, heads up we don't have THAT much left
ham	Aight, sounds good. When do you want me to come down?
ham	Sorry, I'll call later
ham	There're some people by mu, I'm at the table by lambda
ham	Dont give a monkeys wot they think and i certainly don't mind. Any friend of mine&all that! Just don't sleep wiv , that wud be annoyin!
"ham	My planning usually stops at ""find hella weed"," smoke hella weed"""
"ham	The fact that you're cleaning shows you know why i'm upset. Your priority is constantly ""what i want to do"," not what i need to do."""
ham	Yeah, I'll leave in a couple minutes &amp; let you know when I get to mu
ham	Aight I'll grab something to eat too, text me when you're back at mu
ham	Honeybee Said: *I'm d Sweetest in d World* God Laughed &amp; Said: *Wait,U Havnt Met d Person Reading This Msg* MORAL: Even GOD Can Crack Jokes! GM+GN+GE+GN:)
ham	Sorry, I'll call later
ham	Sorry, I'll call later in meeting any thing related to trade please call Arul. &lt;#&gt; 
ham	Sorry, I'll call later
"ham	""YEH I AM DEF UP4 SOMETHING SAT","JUST GOT PAYED2DAY & I HAVBEEN GIVEN AÂ£50 PAY RISE 4MY WORK & HAVEBEEN MADE PRESCHOOLCO-ORDINATOR 2I AM FEELINGOOD LUV"""
ham	Goodmorning, today i am late for  &lt;DECIMAL&gt; min.
ham	Princess, is your kitty shaved or natural?
ham	Better than bb. If he wont use it, his wife will or them doctor
ham	I don't have anybody's number, I still haven't thought up a tactful way to ask alex
ham	Yes obviously, but you are the eggs-pert and the potato headâ¦ Speak soon! 
ham	Nah man, my car is meant to be crammed full of people
ham	Ugh y can't u just apologize, admit u were wrong and ask me to take u back?
ham	I noe la... U wana pei bf oso rite... K lor, other days den...
ham	Yes, i'm small kid.. And boost is the secret of my energy..
ham	Dont pack what you can buy at any store.like cereals. If you must pack food, pack gari or something 9ja that you will miss.
ham	Me not waking up until 4 in the afternoon, sup
ham	Aight fuck it, I'll get it later
ham	Oh... I was thkin of goin yogasana at 10 den no nd to go at 3 den can rush to parco 4 nb... Okie lor, u call me when ready...
ham	Sir, I am waiting for your mail.
ham	Nothing, i got msg frm tht unknown no..
ham	Hey ! I want you ! I crave you ! I miss you ! I need you ! I love you, Ahmad Saeed al Hallaq ...
spam	FreeMsg: Claim ur 250 SMS messages-Text OK to 84025 now!Use web2mobile 2 ur mates etc. Join Txt250.com for 1.50p/wk. T&C BOX139, LA32WU. 16 . Remove txtX or stop
ham	Trust me. Even if isn't there, its there.
ham	you are sweet as well, princess. Please tell me your likes and dislikes in bed...
"ham	""alright babe"," justthought iÂd sayhey! how u doin?nearly the endof me wk offdam nevamind!We will have 2Hook up sn if uwant m8? loveJen x."""
ham	Probably, want to pick up more?
ham	No dice, art class 6 thru 9 :( thanks though. Any idea what time I should come tomorrow?
spam	SMS SERVICES. for your inclusive text credits, pls goto www.comuk.net login= ***** unsubscribe with STOP. no extra charge. help:08700469649. PO BOX420. IP4 5WE
ham	Hmmm ... And imagine after you've come home from that having to rub my feet, make me dinner and help me get ready for my date ! Are you sure your ready for that kind of life ?
spam	FREE2DAY sexy St George's Day pic of Jordan!Txt PIC to 89080 dont miss out, then every wk a saucy celeb!4 more pics c PocketBabe.co.uk 0870241182716 Â£3/wk
ham	It's that time of the week again, ryan
ham	Argh my 3g is spotty, anyway the only thing I remember from the research we did was that province and sterling were the only problem-free places we looked at
ham	Sorry im getting up now, feel really bad- totally rejected that kinda me thing.
ham	Carlos took a while (again), we leave in a minute
ham	Ok. Can be later showing around 8-8:30 if you want + cld have drink before. Wld prefer not to spend money on nosh if you don't mind, as doing that nxt wk.
ham	The table's occupied, I'm waiting by the tree
ham	1) Go to write msg 2) Put on Dictionary mode 3)Cover the screen with hand, 4)Press  &lt;#&gt; . 5)Gently remove Ur hand.. Its interesting..:)
ham	Nothing really, just making sure everybody's up to speed
ham	Thank you. And by the way, I just lost.
ham	Hiya, had a good day? Have you spoken to since the weekend?
ham	I don,t think so. You don't need to be going out that late on a school night. ESPECIALLY when the one class you have is the one you missed last wednesday and probably failed a test in on friday
ham	Babe ! How goes that day ? What are you doing ? Where are you ? I sip my cappuccino and think of you, my love ... I send a kiss to you from across the sea
ham	Not much, just some textin'. How bout you?
ham	(And my man carlos is definitely coming by mu tonight, no excuses)
ham	Hmm well, night night 
ham	Just gettin a bit arty with my collages at the mo, well tryin 2 ne way! Got a roast in a min lovely i shall enjoy that!
ham	This is one of the days you have a billion classes, right?
ham	Goodmorning, today i am late for 2hrs. Because of back pain.
spam	Thanks for your ringtone order, ref number K718. Your mobile will be charged Â£4.50. Should your tone not arrive please call customer services on 09065069120
ham	Hey... Thk we juz go accordin to wat we discussed yest lor, except no kb on sun... Cos there's nt much lesson to go if we attend kb on sat...
ham	K, wen ur free come to my home and also tel vikky i hav sent mail to him also.. Better come evening il be free today aftr 6pm..:-)
"ham	""Si.como no?!listened2the plaid album-quite gd&the new air1 which is hilarious-also boughtÂbraindanceÂa comp.ofstuff on aphexÂs ;abel","u hav2hear it!c u sn xxxx"""
ham	Give her something to drink, if she takes it and doesn't vomit then you her temp might drop. If she unmits however let me know.
spam	Hi ya babe x u 4goten bout me?' scammers getting smart..Though this is a regular vodafone no, if you respond you get further prem rate msg/subscription. Other nos used also. Beware!
spam	Thanks for your ringtone order, ref number R836. Your mobile will be charged Â£4.50. Should your tone not arrive please call customer services on 09065069154
ham	Just checked out, heading out to drop off my stuff now
ham	Haha awesome, I've been to 4u a couple times. Who all's coming?
ham	Sorry, I'll call later in meeting
ham	I hav almost reached. Call, i m unable to connect u.
ham	Velly good, yes please!
ham	Hi, wkend ok but journey terrible. Wk not good as have huge back log of marking to do
ham	HEY THERE BABE, HOW U DOIN? WOT U UP 2 2NITE LOVE ANNIE X.
ham	&lt;#&gt; , that's all? Guess that's easy enough
ham	Aight that'll work, thanks
ham	I have 2 sleeping bags, 1 blanket and paper and  phone details. Anything else?
spam	tddnewsletter@emc1.co.uk (More games from TheDailyDraw) Dear Helen, Dozens of Free Games - with great prizesWith..
ham	Waqt se pehle or naseeb se zyada kisi ko kuch nahi milta,Zindgi wo nahi he jo hum sochte hai Zindgi wo hai jo ham jeetey hai..........
spam	URGENT! Your mobile number *************** WON a Â£2000 Bonus Caller prize on 10/06/03! This is the 2nd attempt to reach you! Call 09066368753 ASAP! Box 97N7QP, 150ppm
ham	Alright, see you in a bit
ham	1) Go to write msg 2) Put on Dictionary mode 3)Cover the screen with hand, 4)Press  &lt;#&gt; . 5)Gently remove Ur hand.. Its interesting..:)
ham	Hi this is yijue, can i meet u at 11 tmr?
spam	Download as many ringtones as u like no restrictions, 1000s 2 choose. U can even send 2 yr buddys. Txt Sir to 80082 Â£3 
spam	Spook up your mob with a Halloween collection of a logo & pic message plus a free eerie tone, txt CARD SPOOK to 8007 zed 08701417012150p per logo/pic
ham	Had the money issue weigh me down but thanks to you, I can breathe easier now. I.ll make sure you dont regret it. Thanks.
spam	Fantasy Football is back on your TV. Go to Sky Gamestar on Sky Active and play Â£250k Dream Team. Scoring starts on Saturday, so register now!SKY OPT OUT to 88088
ham	That day Ã¼ say Ã¼ cut ur hair at paragon, is it called hair sense? Do Ã¼ noe how much is a hair cut? 
ham	Hmm, too many of them unfortunately... Pics obviously arent hot cakes. Its kinda fun tho
ham	Hi, Mobile no.  &lt;#&gt;  has added you in their contact list on www.fullonsms.com It s a great place to send free sms to people For more visit fullonsms.com
ham	Good evening Sir, hope you are having a nice day. I wanted to bring it to your notice that I have been late in paying rent for the past few months and have had to pay a $ &lt;#&gt;  charge. I felt it would be inconsiderate of me to nag about something you give at great cost to yourself and that's why i didnt speak up. I however am in a recession and wont be able to pay the charge this month hence my askin well ahead of month's end. Can you please help. Thank you for everything.
ham	If i let you do this, i want you in the house by 8am.
ham	Sorry, I'll call later
spam	Someone has contacted our dating service and entered your phone becausethey fancy you! To find out who it is call from a landline 09058098002. PoBox1, W14RG 150p
ham	Thanks da thangam, i feel very very happy dear. I also miss you da.
ham	Okey doke. I'm at home, but not dressed cos laying around ill! Speak to you later bout times and stuff. 
ham	Babe, I'm back ... Come back to me ...
"ham	One of best dialogue in cute reltnship..!! ""Wen i Die", Dont Come Near My Body..!! Bcoz My Hands May Not Come 2 Wipe Ur Tears Off That Time..!Gud ni8
ham	Come to me right now, Ahmad
ham	Could you not read me, my Love ? I answered you
spam	For ur chance to win Â£250 cash every wk TXT: PLAY to 83370. T's&C's www.music-trivia.net custcare 08715705022, 1x150p/wk.
ham	Great. I'm in church now, will holla when i get out
ham	Yes but i dont care! I need you bad, princess!
ham	The guy (kadeem) hasn't been selling since the break, I know one other guy but he's paranoid as fuck and doesn't like selling without me there and I can't be up there til late tonight
ham	Sorry, I'll call later
ham	Abeg, make profit. But its a start. Are you using it to get sponsors for the next event?
ham	Cool, I'll text you when I'm on the way
ham	sry can't talk on phone, with parents
ham	Princess, i like to make love  &lt;#&gt;  times per night. Hope thats not a problem!
ham	I'm done. I'm sorry. I hope your next space gives you everything you want. Remember all the furniture is yours. If i'm not around when you move it, just lock all the locks and leave the key with jenne.
spam	Sppok up ur mob with a Halloween collection of nokia logo&pic message plus a FREE eerie tone, txt CARD SPOOK to 8007
spam	Urgent! call 09066612661 from landline. Your complementary 4* Tenerife Holiday or Â£10,000 cash await collection SAE T&Cs PO Box 3 WA14 2PX 150ppm 18+ Sender: Hol Offer
ham	Greetings me, ! Consider yourself excused.
ham	You at mu? You should try to figure out how much money everyone has for gas and alcohol, jay and I are trying to figure out our weed budget
ham	I know where the  &lt;#&gt;  is, I'll be there around 5
ham	Ola would get back to you maybe not today but I ve told him you can be his direct link in the US in getting cars he bids for online, you arrange shipping and you get a cut. Or U????? For a partnership where U????? Invest money for shipping and he takes care of the rest!U??Wud b self reliant soon dnt worry
ham	U wake up already? Wat u doing? U picking us up later rite? I'm taking sq825, reaching ard 7 smth 8 like dat. U can check e arrival time. C ya soon...
ham	Sorry, I'll call later
ham	Sorry, I'll call later
ham	Sorry, I'll call later
ham	Mmmmm ... I loved waking to your words this morning ! I miss you too, my Love. I hope your day goes well and you are happy. I wait for us to be together again
ham	They said if its gonna snow, it will start around 8 or 9 pm tonite! They are predicting an inch of accumulation.
ham	She is our sister.. She belongs 2 our family.. She is d hope of tomorrow.. Pray 4 her,who was fated 4 d Shoranur train incident. Lets hold our hands together &amp; fuelled by love &amp; concern prior 2 her grief &amp; pain. Pls join in dis chain &amp; pass it. STOP VIOLENCE AGAINST WOMEN.
spam	Text82228>> Get more ringtones, logos and games from www.txt82228.com. Questions: info@txt82228.co.uk
ham	Oh fine, I'll be by tonight
spam	FreeMSG You have been awarded a FREE mini DIGITAL CAMERA, just reply SNAP to collect your prize! (quizclub Opt out? Stop 80122300p/wk SP:RWM Ph:08704050406)
ham	Some friends want me to drive em someplace, probably take a while
ham	Yeah I am, so I'll leave maybe 7ish?
ham	The house is on the water with a dock, a boat rolled up with a newscaster who dabbles in jazz flute behind the wheel
spam	3 FREE TAROT TEXTS! Find out about your love life now! TRY 3 FOR FREE! Text CHANCE to 85555 16 only! After 3 Free, Msgs Â£1.50 each
ham	Goodmorning, today i am late for 1hr.
ham	Aight, see you in a bit
ham	My friend just got here and says he's upping his order by a few grams (he's got $ &lt;#&gt; ), when can you get here?
ham	Gosh that , what a pain. Spose I better come then.
ham	As usual..iam fine, happy &amp; doing well..:)
ham	Awesome, text me when you're restocked
ham	As usual..iam fine, happy &amp; doing well..:)
ham	Sir, hope your day is going smoothly. i really hoped i wont have to bother you about this. I have some bills that i can't settle this month. I am out of all extra cash. I know this is a challenging time for you also but i have to let you know.
ham	That's what I love to hear :V see you sundayish, then
ham	Sorry da thangam, very very sorry i am held up with prasad.
spam	You are guaranteed the latest Nokia Phone, a 40GB iPod MP3 player or a Â£500 prize! Txt word: COLLECT to No: 83355! IBHltd LdnW15H 150p/Mtmsgrcvd18
ham	They can try! They can get lost, in fact. Tee hee
ham	Sorry, I'll call later
ham	Hi, can i please get a  &lt;#&gt;  dollar loan from you. I.ll pay you back by mid february. Pls.
ham	You might want to pull out more just in case and just plan on not spending it if you can, I don't have much confidence in derek and taylor's money management
spam	Hello darling how are you today? I would love to have a chat, why dont you tell me what you look like and what you are in to sexy?
ham	That's cool, I'll come by like  &lt;#&gt; ish
spam	New Tones This week include: 1)McFly-All Ab.., 2) Sara Jorge-Shock.. 3) Will Smith-Switch.. To order follow instructions on next message
ham	Ya ok, vikky vl c witin  &lt;#&gt; mins and il reply u..
spam	Urgent Urgent! We have 800 FREE flights to Europe to give away, call B4 10th Sept & take a friend 4 FREE. Call now to claim on 09050000555. BA128NNFWFLY150ppm
ham	Omw back to tampa from west palm, you hear what happened?
ham	Nah, I'm a perpetual DD
ham	Tunde, how are you doing. This is just wishing you a great day. Abiola.
ham	I sent you the prices and do you mean the  &lt;#&gt; g,
ham	Derp. Which is worse, a dude who always wants to party or a dude who files a complaint about the three drug abusers he lives with
ham	Can meh? Thgt some will clash... Really ah, i dun mind... I dun seen to have lost any weight... Gee...
ham	Open rebtel with firefox. When it loads just put plus sign in the user name place, and it will show you two numbers. The lower number is my number. Once you pick that number the pin will display okay!
ham	Dude u knw also telugu..thts gud..k, gud nyt..
spam	For ur chance to win a Â£250 cash every wk TXT: ACTION to 80608. T's&C's www.movietrivia.tv custcare 08712405022, 1x150p/wk.
ham	Just arrived, see you in a couple days &lt;3
ham	K, wat s tht incident?
ham	Forgot it takes me 3 years to shower, sorry. Where you at/your phone dead yet?
ham	Alright if you're sure, let me know when you're leaving
ham	Oh right, ok. I'll make sure that i do loads of work during the day!  got a really nasty cough today and is dry n shot so that should really help it!
ham	Easy mate, * guess the quick drink was bit ambitious.
ham	Tunji, how's the queen? how are you doing. This is just wishing you a great day. Abiola.
spam	Free-message: Jamster!Get the crazy frog sound now! For poly text MAD1, for real text MAD2 to 88888. 6 crazy sounds for just 3 GBP/week! 16+only! T&C's apply
spam	YOUR CHANCE TO BE ON A REALITY FANTASY SHOW call now = 08707509020 Just 20p per min NTT Ltd, PO Box 1327 Croydon CR9 5WB 0870 is a national = rate call
ham	Do you know why god created gap between your fingers..? So that, One who is made for you comes &amp; fills those gaps by holding your hand with LOVE..!
ham	Mum, i've sent you many many messages since i got here. I just want to know that you are actually getting them. Do enjoy the rest of your day.
ham	Aight, tomorrow around  &lt;#&gt;  it is
spam	YOUR CHANCE TO BE ON A REALITY FANTASY SHOW call now = 08707509020 Just 20p per min NTT Ltd, PO Box 1327 Croydon CR9 5WB 0870 is a national = rate call.
spam	Hey Boys. Want hot XXX pics sent direct 2 ur phone? Txt PORN to 69855, 24Hrs free and then just 50p per day. To stop text STOPBCM SF WC1N3XX
ham	Yeah there's quite a bit left, I'll swing by tomorrow when I get up
spam	pdate_Now - Double mins and 1000 txts on Orange tariffs. Latest Motorola, SonyEricsson & Nokia & Bluetooth FREE! Call MobileUpd8 on 08000839402 or call2optout/!YHL
ham	Bill, as in: Are there any letters for me. iâm expecting one from orange that isnât a bill but may still say orange on it.
ham	Ha. You donât know either. I did a a clever but simple thing with pears the other day, perfect for christmas.
ham	Sorry,in meeting I'll call later
ham	Thanx 4 the time weÂve spent 2geva, its bin mint! Ur my Baby and all I want is u!xxxx
ham	Yo, any way we could pick something up tonight?
ham	Yeah, we got one lined up for us
spam	URGENT! Your mobile was awarded a Â£1,500 Bonus Caller Prize on 27/6/03. Our final attempt 2 contact U! Call 08714714011
ham	Think i might have to give it a miss. Am teaching til twelve, then have lecture at two. Damn this working thing.
spam	Do you ever notice that when you're driving, anyone going slower than you is an idiot and everyone driving faster than you is a maniac?
ham	Are you being good, baby? :)
ham	Mostly sports type..lyk footbl,crckt..
"ham	Height of Confidence: All the Aeronautics professors wer calld &amp; they wer askd 2 sit in an aeroplane. Aftr they sat they wer told dat the plane ws made by their students. Dey all hurried out of d plane.. Bt only 1 didnt move... He said:""if it is made by my students",this wont even start........ Datz confidence..
ham	I'll text carlos and let you know, hang on
ham	Don't worry, * is easy once have ingredients!
ham	Ok omw now, you at castor?
spam	Xmas Offer! Latest Motorola, SonyEricsson & Nokia & FREE Bluetooth or DVD! Double Mins & 1000 Txt on Orange. Call MobileUpd8 on 08000839402 or call2optout/4QF2
ham	Tonight? Yeah, I'd be down for that
ham	He said that he had a right giggle when he saw u again! You would possibly be the first person2die from NVQ, but think how much you could for! 
ham	I'm there and I can see you, but you can't see me ? Maybe you should reboot ym ? I seen the buzz
spam	HOT LIVE FANTASIES call now 08707509020 Just 20p per min NTT Ltd, PO Box 1327 Croydon CR9 5WB 0870 is a national rate call
ham	No idea, I guess we'll work that out an hour after we're supposed to leave since as usual nobody has any interest in figuring shit out before the last second
ham	Oh, then your phone phoned me but it disconnected
ham	Excellent, I'll see what riley's plans are
spam	Loan for any purpose Â£500 - Â£75,000. Homeowners + Tenants welcome. Have you been previously refused? We can still help. Call Free 0800 1956669 or text back 'help'
ham	Hm good morning, headache anyone? :-)
ham	Also sir, i sent you an email about how to log into the usc payment portal. I.ll send you another message that should explain how things are back home. Have a great weekend.
ham	Aight, lemme know what's up
ham	Dear all, as we know  &lt;#&gt; th is the  &lt;#&gt; th birthday of our loving Gopalettan. We are planning to give a small gift on that day. Those who like to participate in that you are welcome. Please contact our admin team for more details
ham	Sounds good, keep me posted
ham	Mum, hope you are having a great day. Hoping this text meets you well and full of life. Have a great day. Abiola
ham	And very importantly, all we discuss is between u and i only.
ham	Dear, take care. I am just reaching home.love u a lot.
ham	Yo, you at jp and hungry like a mofo?
ham	U so lousy, run already come back then half dead... Hee...
ham	I had been hoping i would not have to send you this message. My rent is due and i dont have enough for it. My reserves are completely gone. Its a loan i need and was hoping you could her. The balance is  &lt;#&gt; . Is there a way i could get that from you, till mid march when i hope to pay back.
"ham	Short But Cute : "" Be a good person "," but dont try to prove"" ..... Gud mrng..."
ham	Wat time liao, where still got.
ham	Haha better late than ever, any way I could swing by?
spam	LookAtMe!: Thanks for your purchase of a video clip from LookAtMe!, you've been charged 35p. Think you can do better? Why not send a video in a MMSto 32323.
ham	Haha I heard that, text me when you're around
ham	Sorry,  in meeting I'll call you later
spam	HOT LIVE FANTASIES call now 08707509020 Just 20p per min NTT Ltd, PO Box 1327 Croydon CR9 5WB 0870..k
ham	Haven't seen my facebook, huh? Lol!
ham	Mah b, I'll pick it up tomorrow
ham	So many people seems to be special at first sight, But only very few will remain special to you till your last sight.. Maintain them till life ends.. take cr da
spam	This is the 2nd time we have tried 2 contact u. U have won the 750 Pound prize. 2 claim is easy, call 08712101358 NOW! Only 10p per min. BT-national-rate
ham	OH YEAH,AND HAV A GREAT TIME IN NEWQUAY-SEND ME A POSTCARD !1 LOOK AFTER ALL THE GIRLS WHILE IM GONE(U KNOW THE 1IM TALKIN BOUT!)xx
ham	Babe, have you got enough money to pick up bread and milk ? And I'll give you it back when you get home ?
spam	Thanks for your ringtone order, reference number X29. Your mobile will be charged 4.50. Should your tone not arrive please call customer services 09065989180
ham	I feel like a dick because I keep sleeping through your texts and facebook messages. Sup, you in town?
ham	Yes, princess. Toledo.
ham	Aight text me when you're back at mu and I'll swing by, need somebody to get the door for me
"ham	A cute thought for friendship: ""Its not necessary to share every secret with ur close Frnd"," but watever u shared should be true""...."
ham	Sorry, I can't help you on this.
ham	Babe, I need your advice
ham	Iâll leave around four, ok?
spam	44 7732584351, Do you want a New Nokia 3510i colour phone DeliveredTomorrow? With 300 free minutes to any mobile + 100 free texts + Free Camcorder reply or call 08000930705.
ham	MOON has come to color your dreams, STARS to make them musical and my SMS to give you warm and Peaceful Sleep. Good Night
ham	The gas station is like a block away from my house, you'll drive right by it since armenia ends at swann and you have to take howard
spam	Someone U know has asked our dating service 2 contact you! Cant Guess who? CALL 09058097189 NOW all will be revealed. POBox 6, LS15HB 150p 
ham	Beautiful tomorrow never comes.. When it comes, it's already TODAY.. In the hunt of beautiful tomorrow don't waste your wonderful TODAY.. GOODMORNING:)
ham	Honeybee Said: *I'm d Sweetest in d World* God Laughed &amp; Said: *Wait,U Havnt Met d Person Reading This Msg* MORAL: Even GOD Can Crack Jokes! GM+GN+GE+GN:)
ham	It'll be tough, but I'll do what I have to
ham	Set a place for me in your heart and not in your mind, as the mind easily forgets but the heart will always remember. Wish you Happy Valentines Day!
spam	FREE MESSAGE Activate your 500 FREE Text Messages by replying to this message with the word FREE For terms & conditions, visit www.07781482378.com
ham	No worries, hope photo shoot went well. have a spiffing fun at workage. 
ham	No we put party 7 days a week and study lightly, I think we need to draw in some custom checkboxes so they know we're hardcore
spam	You are being contacted by our dating service by someone you know! To find out who it is, call from a land line 09050000928. PoBox45W2TG150P
ham	That's fine, have him give me a call if he knows what he wants or has any questions
ham	K, if u bored up just come to my home..
ham	Like I made him throw up when we were smoking in our friend's car one time, it was awesome
ham	Sorry, I'll call later
ham	Brainless Baby Doll..:-D;-), vehicle sariyag drive madoke barolla..
ham	Yo my trip got postponed, you still stocked up?
ham	Sorry, I'll call later
ham	Hey elaine, is today's meeting still on?
ham	Looks like you found something to do other than smoke, great job!
ham	Good afternon, my love. How are today? I hope your good and maybe have some interviews. I wake and miss you babe. A passionate kiss from across the sea
spam	complimentary 4 STAR Ibiza Holiday or Â£10,000 cash needs your URGENT collection. 09066364349 NOW from Landline not to lose out! Box434SK38WP150PPM18+
ham	Well, I meant as opposed to my drunken night of before
ham	Oops - am at my mum's in somerset... Bit far! Back tomo, see you soon x
ham	I'm in a meeting, call me later at
ham	Yeah we wouldn't leave for an hour at least, how's 4 sound?
ham	Jus chillaxin, what up
ham	Whats that coming over the hill..... Is it a monster! Hope you have a great day. Things r going fine here, busy though! 
ham	Nowadays people are notixiquating the laxinorficated opportunity for bambling of entropication.... Have you ever oblisingately opted ur books for the masteriastering amplikater of fidalfication? It is very champlaxigating, i think it is atrocious.. Wotz Ur Opinion???? Junna
ham	K.. I yan jiu liao... Sat we can go 4 bugis vill one frm 10 to 3 den hop to parco 4 nb. Sun can go cine frm 1030 to 2, den hop to orc mrt 4 hip hop at 4...
ham	Haha figures, well I found the piece and priscilla's bowl
ham	I think Iâm waiting for the same bus! Inform me when you get there, if you ever get there.
ham	, how's things? Just a quick question.
ham	Night has ended for another day, morning has come in a special way. May you smile like the sunny rays and leaves your worries at the blue blue bay. Gud mrng
ham	I can probably come by, everybody's done around  &lt;#&gt;  right?
ham	Yeah, probably earlier than that
ham	Cool, text me when you head out
spam	You are being contacted by our dating service by someone you know! To find out who it is, call from a land line 09050000878. PoBox45W2TG150P
ham	Oh, the grand is having a bit of a party but it doesn't mention any cover charge so it's probably first come first served
ham	life alle mone,eppolum oru pole allalo
ham	Well, I was about to give up cos they all said no they didnât do one nighters. I persevered and found one but it is very cheap so i apologise in advance. It is just somewhere to sleep isnt it?
ham	Im sorry bout last nite it wasnÂt ur fault it was me, spouse it was pmt or sumthin! U 4give me? I think u shldxxxx
spam	You are a Â£1000 winner or Guaranteed Caller Prize, this is our Final attempt to contact you! To Claim Call 09071517866 Now! 150ppmPOBox10183BhamB64XE
ham	Tyler (getting an 8th) has to leave not long after 9, can you get here in like an hour?
ham	Sorry, I'll call later
ham	I'll get there at 3, unless you guys want me to come some time sooner
spam	Rock yr chik. Get 100's of filthy films &XXX pics on yr phone now. rply FILTH to 69669. Saristar Ltd, E14 9YT 08701752560. 450p per 5 days. Stop2 cancel
"ham	Single line with a big meaning::::: ""Miss anything 4 ur ""Best Life"" but", don't miss ur best life for anything... Gud nyt...
ham	I got like $ &lt;#&gt; , I can get some more later though. Get whatever you feel like
ham	Dad wanted to talk about the apartment so I got a late start, omw now
spam	Auction round 4. The highest bid is now Â£54. Next maximum bid is Â£71. To bid, send BIDS e. g. 10 (to bid Â£10) to 83383. Good luck.
ham	We know TAJ MAHAL as symbol of love. But the other lesser known facts 1. Mumtaz was Shahjahan's 4th wife, out of his 7 wifes. 2. Shahjahan killed Mumtaz's husband to marry her. 3. Mumtaz died in her  &lt;#&gt; th delivery. 4. He then married Mumtaz's sister. Question arises where the Hell is the LOVE?:-| -The Great Hari-
ham	The sign of maturity is not when we start saying big things.. But actually it is, when we start understanding small things... *HAVE A NICE EVENING* BSLVYL
ham	Have a lovely night and when you wake up to see this message, i hope you smile knowing all is as should be. Have a great morning
ham	Sorry, I'll call later
ham	Aight, we'll head out in a few
ham	Jay told me already, will do
ham	I'm not sure, I was just checking out what was happening around the area
ham	That means you got an A in epi, she.s fine. She.s here now.
ham	Call me. I m unable to cal. Lets meet bhaskar, and deep
ham	Can you please ask macho what his price range is, does he want something new or used plus it he only interfued in the blackberry bold  &lt;#&gt;  or any bb
ham	Damn, poor zac doesn't stand a chance
spam	Customer service announcement. We recently tried to make a delivery to you but were unable to do so, please call 07090298926 to re-schedule. Ref:9307622
"spam	You can stop further club tones by replying ""STOP MIX"" See my-tone.com/enjoy. html for terms. Club tones cost GBP4.50/week. MFL", PO Box 1146 MK45 2WT (2/3)
ham	We are hoping to get away by 7, from Langport. You still up for town tonight?
ham	Probably not, still going over some stuff here
ham	What are you doing in langport? Sorry, but I'll probably be in bed by 9pm. It sucks being ill at xmas! When do you and go2sri lanka? 
ham	Honey ? Sweetheart ? Darling ? Sexy buns ? Sugar plum ? Loverboy ? I miss you, boytoy ... *smacks your ass* Did you go to the gym too ?
ham	I get out of class in bsn in like  &lt;#&gt;  minutes, you know where advising is?
ham	Hello, As per request from  &lt;#&gt;  Rs.5 has been transfered to you
ham	How is my boy? No sweet words left for me this morning ... *sighs* ... How goes you day, my love ? Did you start your studying?
ham	Sorry pa, i dont knw who ru pa?
ham	Oh, i will get paid. The most outstanding one is for a commercial i did for Hasbro...in AUGUST! They made us jump through so many hoops to get paid. Still not.
ham	I am late,so call you tomorrow morning.take care sweet dreams....u and me...ummifying...bye.
spam	Thanks for your ringtone order, reference number X49. Your mobile will be charged 4.50. Should your tone not arrive please call customer services 09065989182. From: [colour=red]text[/colour]TXTstar
ham	Yeah why not, is the gang all ready
ham	Aldrine, rakhesh ex RTM here.pls call.urgent.
ham	I guess you could be as good an excuse as any, lol.
ham	Isn't frnd a necesity in life? imagine urself witout a frnd.. hw'd u feel at ur colleg? wat'll u do wth ur cell? wat abt functions? thnk abt events espe'll cared, missed &amp; irritated u? 4wrd it to all those dear-loving frnds wthout whom u cant live.. I jst did it.. Takecare..:) GOODMORNING
ham	4 tacos + 1 rajas burrito, right?
ham	Itâs Â£6 to get in, is that ok?
ham	Plz note: if anyone calling from a mobile Co. &amp; asks u to type # &lt;#&gt;  or # &lt;#&gt; . Do not do so. Disconnect the call,coz it iz an attempt of 'terrorist' to make use of the sim card no. Itz confirmd by nokia n motorola n has been verified by CNN IBN.
ham	Nah, Wednesday. When should I bring the mini cheetos bag over?
ham	Aight, let me know when you're gonna be around usf
ham	Buzz! Hey, my Love ! I think of you and hope your day goes well. Did you sleep in ? I miss you babe. I long for the moment we are together again*loving smile*
ham	Haha... Sounds crazy, dunno can tahan anot...
spam	Someone U know has asked our dating service 2 contact you! Cant guess who? CALL 09058095107 NOW all will be revealed. POBox 7, S3XY 150p 
ham	Sir Goodmorning, Once free call me.
spam	Claim a 200 shopping spree, just call 08717895698 now! Have you won! MobStoreQuiz10ppm
ham	Dear friends, sorry for the late information. Today is the birthday of our loving Ar.Praveesh. for more details log on to face book and see. Its his number + &lt;#&gt; . Dont miss a delicious treat.
spam	Want to funk up ur fone with a weekly new tone reply TONES2U 2 this text. www.ringtones.co.uk, the original n best. Tones 3GBP network operator rates apply
"ham	Are you sure you don't mean ""get here"," we made you hold all the weed"""
"ham	Short But Cute: ""Be a good person"," but dont try to prove it.."" .Gud noon...."
ham	It's ok, at least armand's still around
ham	Aight, can you text me the address?
ham	Not yet chikku..k, then wat abt tht guy did he stopped irritating or msging to u..
ham	Please protect yourself from e-threats. SIB never asks for sensitive information like Passwords,ATM/SMS PIN thru email. Never share your password with anybody.
ham	Goodmorning,my grandfather expired..so am on leave today.
ham	Sure, I'll see if I can come by in a bit
ham	Erm â¦ ill pick you up at about 6.45pm. That'll give enough time to get there, park and that.
ham	chile, please! It's only a  &lt;DECIMAL&gt;  hour drive for me. I come down all the time and will be subletting feb-april for audition season.
ham	Yeah that's what I thought, lemme know if anything's goin on later
spam	Fantasy Football is back on your TV. Go to Sky Gamestar on Sky Active and play Â£250k Dream Team. Scoring starts on Saturday, so register now!SKY OPT OUT to 88088
ham	Dont worry, 1 day very big lambu ji vl come..til then enjoy batchlor party:-)
ham	No! But we found a diff farm shop to buy some cheese. On way back now, can i call in?
spam	Win the newest ÂHarry Potter and the Order of the Phoenix (Book 5) reply HARRY, answer 5 questions - chance to be the first among readers!
ham	Customer place, i wil cal u sir.
spam	Oh my god! I've found your number again! I'm so glad, text me back xafter this msgs cst std ntwk chg Â£1.50
ham	THATÂS ALRITE GIRL, U KNOW GAIL IS NEVA WRONG!!TAKE CARE SWEET AND DONÂT WORRY.C U L8TR HUN!LOVE Yaxxx
ham	Theoretically yeah, he could be able to come
ham	Alright we're hooked up, where you guys at
ham	not that I know of, most people up here are still out of town
ham	Happy or sad ," one thing about past is- ""Its no more"" GOOD MORNING :-):-)."
ham	Sorry sir, i will call you tomorrow.  senthil.hsbc
"ham	Short But Cute: ""Be a good person"," but dont try to prove it.."" .Gud noon...."
ham	Same, I'm at my great aunts anniversary party in tarpon springs
spam	Double Mins & 1000 txts on Orange tariffs. Latest Motorola, SonyEricsson & Nokia with Bluetooth FREE! Call MobileUpd8 on 08000839402 or call2optout/HF8
ham	Right on brah, see you later
ham	Playin space poker, u?
ham	Yeah, in fact he just asked if we needed anything like an hour ago. When and how much?
ham	Until 545 lor... Ya, can go 4 dinner together...
ham	If e timing can, then i go w u lor...
ham	Night night, see you tomorrow
ham	Hey, I missed you tm of last night as my phone was on the charge ... *smiles* ... I am meeting a friend shortly
ham	Whatever, juliana. Do whatever you want.
ham	Hello. Sort of out in town already. That . So dont rush home, I am eating nachos. Will let you know eta.
ham	Dizzamn, aight I'll ask my suitemates when I get back
ham	Nimbomsons. Yep phone knows that one. Obviously, cos thats a real word
spam	This is the 2nd time we have tried to contact u. U have won the Â£400 prize. 2 claim is easy, just call 087104711148 NOW! Only 10p per minute. BT-national-rate
spam	U've been selected to stay in 1 of 250 top British hotels - FOR NOTHING! Holiday valued at Â£350! Dial 08712300220 to claim - National Rate Call. Bx526, SW73SS
ham	Yes, princess. Are you going to make me moan?
ham	[â¦] anyway, many good evenings to u! s
ham	Cool, I'll text you in a few
ham	Sorry vikky, i'm Watching olave mandara movie kano in trishul theatre wit my frnds..
ham	Yes, my reg is  Ciao!
spam	Thanks for your ringtone order, reference number X49.Your mobile will be charged 4.50. Should your tone not arrive please call customer services 09065989182
ham	Ya ok, then had dinner?
ham	Aight I've been set free, think you could text me blake's address? It occurs to me I'm not quite as sure what I'm doing as I thought I was
spam	You are being contacted by our Dating Service by someone you know! To find out who it is, call from your mobile or landline 09064017305 PoBox75LDNS7 
ham	Sir, good morning. Hope you had a good weekend. I called to let you know that i was able to raise  &lt;#&gt;  from my dad. He however said he would make the rest available by mid feb. This amount is still quite short and i was hoping you would help. Do have a good day. Abiola
spam	Orange brings you ringtones from all time Chart Heroes, with a free hit each week! Go to Ringtones & Pics on wap. To stop receiving these tips reply STOP.
ham	Hey doc pls I want to get nice t shirt for my hubby nice fiting ones my budget is  &lt;#&gt; k help pls I will load d card abi hw,keep me posted luv. 2 mj
ham	Hey , is * rite u put Â»10 evey mnth is that all?
spam	HOT LIVE FANTASIES call now 08707500020 Just 20p per min NTT Ltd, PO Box 1327 Croydon CR9 5WB 0870 is a national rate call
ham	Yo, you gonna still be in stock tomorrow/today? I'm trying to get a dubsack
ham	I'll see, but prolly yeah
ham	Sure thing big man. i have hockey elections at 6, shouldnât go on longer than an hour though
ham	Babe! How goes that day ? What are you up to ? I miss you already, my Love ... * loving kiss* ... I hope everything goes well.
ham	Cool, want me to go to kappa or should I meet you outside mu
spam	SPJanuary Male Sale! Hot Gay chat now cheaper, call 08709222922. National rate from 1.5p/min cheap to 7.8p/min peak! To stop texts call 08712460324 (10p/min)
ham	Sorry, I'll call later
"ham	""Its Ur luck to Love someone. Its Ur fortune to Love the one who Loves U. But"," its a miracle to Love a person who can't Love anyone except U..."" Gud nyt..."
ham	Haven't found a way to get another app for your phone, eh ? Will you go to the net cafe ? Did you take that job? Geeee I need you babe. I crave to see you ...
ham	Its ok, called mom instead have fun
ham	Sorry, I'll call later
ham	Ok da, i already planned. I wil pick you.
spam	Urgent! Please call 0906346330. Your ABTA complimentary 4* Spanish Holiday or Â£10,000 cash await collection SAE T&Cs BOX 47 PO19 2EZ 150ppm 18+
ham	Sorry, I'll call later in meeting
ham	Hmm ok, i'll stay for like an hour cos my eye is really sore!
ham	Well the general price is  &lt;#&gt; /oz, let me know if/when/how much you want
ham	Sorry, I'll call later
spam	Double mins and txts 4 6months FREE Bluetooth on Orange. Available on Sony, Nokia Motorola phones. Call MobileUpd8 on 08000839402 or call2optout/N9DX
spam	Want to funk up ur fone with a weekly new tone reply TONES2U 2 this text. www.ringtones.co.uk, the original n best. Tones 3GBP network operator rates apply
ham	Get the door, I'm here
ham	Lets use it next week, princess :)
ham	Plz note: if anyone calling from a mobile Co. &amp; asks u to type # &lt;#&gt;  or # &lt;#&gt; . Do not do so. Disconnect the call,coz it iz an attempt of 'terrorist' to make use of the sim card no. Itz confirmd by nokia n motorola n has been verified by CNN IBN.
"ham	""The world suffers a lot... Not because of the violence of bad people. But because of the silence of good people!""", Gud night....
ham	Ok thats cool. Its , just off either raglan rd or edward rd. Behind the cricket ground. Gimme ring when ur closeby see you tuesday.
ham	Sez, hows u & de arab boy? Hope u r all good give my love 2 evry1 love ya eshxxxxxxxxxxx
ham	The LAY MAN! Just to let you know you are missed and thought off. Do have a great day. And if you can send me bimbo and ugo's numbers, ill appreciate. Safe
ham	Aight, I'm chillin in a friend's room so text me when you're on the way
spam	accordingly. I repeat, just text the word ok on your mobile phone and send
ham	Send ur birthdate with month and year, I will tel u ur LIFE PARTNER'S name. and the method of calculation. Reply must.
ham	Den only weekdays got special price... Haiz... Cant eat liao... Cut nails oso muz wait until i finish drivin wat, lunch still muz eat wat... 
ham	Kind of. Just missed train cos of asthma attack, nxt one in half hr so driving in. not sure where to park.
spam	URGENT. Important information for 02 user. Today is your lucky day! 2 find out why , log onto http://www.urawinner.com there is a fantastic surprise awaiting you !
ham	Wn u r hurt by d prsn who s close 2 u, do fight wit dem. Coz somtimes dis fight saves a relation bt being quiet leaves nothin in a relation.. Gud eveB-)
ham	Science tells that chocolate will melt under the sunlight. Please don't walk under the sunlight. BCoz,I don't want to loss a sweet friend.
ham	Erm... Woodland avenue somewhere. Do you get the parish magazine, his telephone number will be in there.
ham	I wasn't well babe, i have swollen glands at my throat ... What did you end up doing ?
ham	I can't speak, bcaz mobile have problem. I can listen you but you cann't listen my voice. So i calls you later.
ham	K, jason says he's gonna be around so I'll be up there around  &lt;#&gt;
ham	Now u sound like manky scouse boy steve,like! I is travelling on da bus home.wot has u inmind 4 recreation dis eve?
ham	Fyi I'm taking a quick shower, be at epsilon in like  &lt;#&gt;  min
ham	Night has ended for another day, morning has come in a special way. May you smile like the sunny rays and leaves your worries at the blue blue bay. Gud mrng
ham	Fun fact: although you would think armand would eventually build up a tolerance or some shit considering how much he smokes, he gets fucked up in like 2 hits
ham	Sorry, I can't help you on this.
ham	HELLOGORGEOUS, HOWS U? MY FONE WAS ON CHARGE LST NITW WEN U TEXD ME. HOPEU AD A NICE WKEND AS IM SURE U DID LOOKIN 4WARD 2 C-IN U 2MRW LUV JAZ
spam	Our dating service has been asked 2 contact U by someone shy! CALL 09058091870 NOW all will be revealed. POBox84, M26 3UZ 150p
ham	Night sweet, sleep well! I've just been to see The Exorcism of Emily Rose and may never sleep again! Hugs and snogs! 
ham	I can't right this second, gotta hit people up first
spam	If you don't, your prize will go to another customer. T&C at www.t-c.biz 18+ 150p/min Polo Ltd Suite 373 London W1J 6HL Please call back if busy
ham	Doing nothing, then u not having dinner w us?
ham	see you then, we're all christmassy here!
ham	K I'm ready,  &lt;#&gt; ?
ham	Do you know why god created gap between your fingers..? So that, One who is made for you comes &amp; fills those gaps by holding your hand with LOVE..!
ham	Can you tell Shola to please go to college of medicine and visit the academic department, tell the academic secretary what the current situation is and ask if she can transfer there. She should ask someone to check Sagamu for the same thing and lautech. Its vital she completes her medical education in Nigeria. Its less expensive much less expensive. Unless she will be getting citizen rates in new zealand.
ham	Good FRIENDS CaRE for each Other.. CLoSE Friends UNDERSTaND each Other... and TRUE Friends STaY forever beyond words, beyond time. Gud ni8
ham	Sorry, I'll call later  &lt;#&gt; mins
ham	Yeah I should be able to, I'll text you when I'm ready to meet up
ham	 says that he's quitting at least5times a day so i wudn't take much notice of that. Nah, she didn't mind. Are you gonna see him again? Do you want to come to taunton tonight? U can tell me all about !
ham	When you get free, call me
ham	2 celebrate my bÂday, y else?
ham	Awesome, be there in a minute
"ham	If you want to mapquest it or something look up ""usf dogwood drive""", that's the tiny street where the parking lot is
ham	Thanks again for your reply today. When is ur visa coming in. And r u still buying the gucci and bags. My sister things are not easy, uncle john also has his own bills so i really need to think about how to make my own money. Later sha.
ham	Nothing, smsing u n xy lor. Sorry lor da guys neva c u in person but they sort of know u lor. So u wan 2 meet them xy ask me 2 bring u along 4 our next meeting.
ham	Lemme know when I can swing by and pick up, I'm free basically any time after 1 all this semester
ham	Y cant u try new invention to fly..i'm not joking.,
ham	What do u reckon as need 2 arrange transport if u can't do it, thanks
ham	LOL .. *grins* .. I'm not babe, but thanks for thinking of me!
spam	Latest Nokia Mobile or iPOD MP3 Player +Â£400 proze GUARANTEED! Reply with: WIN to 83355 now! Norcorp Ltd.Â£1,50/Mtmsgrcvd18+
ham	Sorry I missed you babe. I was up late and slept in. I hope you enjoy your driving lesson, boytoy. I miss you too ... *teasing kiss*
ham	Sure, whenever you show the fuck up &gt;:(
ham	Just got part Nottingham - 3 hrs 63miles. Good thing i love my man so much, but only doing 40mph. Hey ho
ham	Hiya, probably coming home * weekend after next
ham	Haha, my friend tyler literally just asked if you could get him a dubsack
ham	Come around  &lt;DECIMAL&gt; pm vikky..i'm otside nw, il come by tht time
ham	Honeybee Said: *I'm d Sweetest in d World* God Laughed &amp; Said: *Wait,U Havnt Met d Person Reading This Msg* MORAL: Even GOD Can Crack Jokes! GM+GN+GE+GN:)
"ham	""CHA QUITEAMUZING THATÂSCOOL BABE","PROBPOP IN & CU SATTHEN HUNNY 4BREKKIE! LOVE JEN XXX. PSXTRA LRG PORTIONS 4 ME PLEASE """
spam	Urgent! call 09066350750 from your landline. Your complimentary 4* Ibiza Holiday or 10,000 cash await collection SAE T&Cs PO BOX 434 SK3 8WP 150 ppm 18+
spam	For ur chance to win a Â£250 wkly shopping spree TXT: SHOP to 80878. T's&C's www.txt-2-shop.com custcare 08715705022, 1x150p/wk
ham	I'll see if I can swing by in a bit, got some things to take care of here firsg
ham	Carlos is down but I have to pick it up from him, so I'll swing by usf in a little bit
"ham	""Hey j! r u feeling any better"," hopeSo hunny. i amnow feelin ill & ithink i may have tonsolitusaswell! damn iam layin in bedreal bored. lotsof luv me xxxx"""
ham	I need an 8th but I'm off campus atm, could I pick up in an hour or two?
ham	Sorry, I'll call later In meeting.
ham	Received, understood n acted upon!
ham	Got hella gas money, want to go on a grand nature adventure with galileo in a little bit?
ham	I'm in a meeting, call me later at
ham	Please protect yourself from e-threats. SIB never asks for sensitive information like Passwords,ATM/SMS PIN thru email. Never share your password with anybody.
ham	K, I'll work something out
ham	I didnt get ur full msg..sometext is missing, send it again
ham	Probably not, I'm almost out of gas and I get some cash tomorrow
spam	Customer service announcement. We recently tried to make a delivery to you but were unable to do so, please call 07099833605 to re-schedule. Ref:9280114
ham	That's cool he'll be here all night, lemme know when you're around
ham	Haha yeah, 2 oz is kind of a shitload
ham	Alright we'll bring it to you, see you in like  &lt;#&gt;  mins
ham	Didn't try, g and I decided not to head out
ham	By march ending, i should be ready. But will call you for sure. The problem is that my capital never complete. How far with you. How's work and the ladies
spam	URGENT! Your Mobile No 07808726822 was awarded a Â£2,000 Bonus Caller Prize on 02/09/03! This is our 2nd attempt to contact YOU! Call 0871-872-9758 BOX95QU
ham	Okey dokey, iâll be over in a bit just sorting some stuff out.
spam	WIN: We have a winner! Mr. T. Foley won an iPod! More exciting prizes soon, so keep an eye on ur mobile or visit www.win-82050.co.uk
ham	Did you say bold, then torch later. Or one torch and 2bold?
ham	Hey. What happened? U switch off ur cell d whole day. This isnt good. Now if u do care, give me a call tomorrow.
ham	K will do, addie &amp; I are doing some art so I'll be here when you get home
ham	Yup. Anything lor, if u dun wan it's ok...
ham	I'm home, my love ... If your still awake ... *loving kiss*
spam	FREE GAME. Get Rayman Golf 4 FREE from the O2 Games Arcade. 1st get UR games settings. Reply POST, then save & activ8. Press 0 key for Arcade. Termsapply
ham	There'll be a minor shindig at my place later tonight, you interested?
spam	Had your mobile 10 mths? Update to the latest Camera/Video phones for FREE. KEEP UR SAME NUMBER, Get extra free mins/texts. Text YES for a call
ham	Not for possession, especially not first offense
ham	Nt only for driving even for many reasons she is called BBD..thts it chikku, then hw abt dvg cold..heard tht vinobanagar violence hw is the condition..and hw ru ? Any problem?
ham	When you just put in the + sign, choose my number and the pin will show. Right?
ham	If you're still up, maybe leave the credit card so I can get gas when I get back like he told me to
ham	Hi, Mobile no.  &lt;#&gt;  has added you in their contact list on www.fullonsms.com It s a great place to send free sms to people For more visit fullonsms.com
ham	So many people seems to be special at first sight, But only very few will remain special to you till your last sight.. Maintain them till life ends.. Sh!jas
ham	Call me, i am senthil from hsbc.
ham	Especially since i talk about boston all up in my personal statement, lol! I woulda changed that if i had realized it said nyc! It says boston now.
spam	Urgent -call 09066649731from Landline. Your complimentary 4* Ibiza Holiday or Â£10,000 cash await collection SAE T&Cs PO BOX 434 SK3 8WP 150ppm 18+
ham	Thanx. Yup we coming back on sun. Finish dinner going back 2 hotel now. Time flies, we're tog 4 exactly a mth today. Hope we'll haf many more mths to come...
ham	its cool but tyler had to take off so we're gonna buy for him and drop it off at his place later tonight. Our total order is a quarter, you got enough?
ham	The guy at the car shop who was flirting with me got my phone number from the paperwork and called and texted me. I'm nervous because of course now he may have my address. Should i call his boss and tell him, knowing this may get him fired?
ham	Don't worry though, I understand how important it is that I be put in my place with a poorly thought out punishment in the face of the worst thing that has ever happened to me. Brb gonna go kill myself
ham	Honey, can you pls find out how much they sell Predicte in Nigeria. And how many times can it be used. Its very important to have a reply before monday
ham	fyi I'm at usf now, swing by the room whenever
ham	Haha, just what I was thinkin
ham	How long before you get reply, just defer admission til next semester
spam	New Mobiles from 2004, MUST GO! Txt: NOKIA to No: 89545 & collect yours today! From ONLY Â£1. www.4-tc.biz 2optout 087187262701.50gbp/mtmsg18 TXTAUCTION.
ham	OH RITE. WELL IM WITH MY BEST MATE PETE, WHO I WENT OUT WITH 4 A WEEK+ NOW WERE 2GEVA AGAIN. ITS BEEN LONGER THAN A WEEK.
ham	Hmmm.... Mayb can try e shoppin area one, but forgot e name of hotel...
ham	Awesome, that gonna be soon or later tonight?
ham	Also north carolina and texas atm, you would just go to the gre site and pay for the test results to be sent.
"ham	""Response"" is one of d powerful weapon 2 occupy a place in others 'HEART'... So"," always give response 2 who cares 4 U""... Gud night..swt dreams..take care"
ham	Oh! Shit," I thought that was your trip! Loooooool ... That just makes SO much more sense now ... *grins* and the sofa reference was ... The ""sleep on a couch"" link you sent me ... Wasn't that how you went on your trip ? Oh ... And didn't your babe go with you for that celebration with your rents?"
ham	Watching cartoon, listening music &amp; at eve had to go temple &amp; church.. What about u?
ham	I know dat feelin had it with Pete! Wuld get with em , nuther place nuther time mayb?
ham	Haha, that was the first person I was gonna ask
spam	ou are guaranteed the latest Nokia Phone, a 40GB iPod MP3 player or a Â£500 prize! Txt word: COLLECT to No: 83355! IBHltd LdnW15H 150p/Mtmsgrcvd18
ham	I'm in solihull, | do you want anything?
spam	Goal! Arsenal 4 (Henry, 7 v Liverpool 2 Henry scores with a simple shot from 6 yards from a pass by Bergkamp to give Arsenal a 2 goal margin after 78 mins.
ham	Just dropped em off, omw back now
spam	This is the 2nd time we have tried 2 contact u. U have won the 750 Pound prize. 2 claim is easy, call 08712101358 NOW! Only 10p per min. BT-national-rate
ham	G says you never answer your texts, confirm/deny
ham	Its so common hearin How r u? Wat r u doing? How was ur day? So let me ask u something different. Did u smile today? If not, do it now.... Gud evng.
ham	Oh yes, why is it like torture watching england?
spam	Got what it takes 2 take part in the WRC Rally in Oz? U can with Lucozade Energy! Text RALLY LE to 61200 (25p), see packs or lucozade.co.uk/wrc & itcould be u!
spam	Hi, the SEXYCHAT girls are waiting for you to text them. Text now for a great night chatting. send STOP to stop this service
ham	Good morning, my boytoy! How's those yummy lips ? Where's my sexy buns now ? What do you do ? Do you think of me ? Do you crave me ? Do you need me ?
ham	Hey babe, how's it going ? Did you ever figure out where your going for New Years ?
ham	Anyway I don't think I can secure anything up here, lemme know if you want me to drive down south and chill
spam	Welcome to Select, an O2 service with added benefits. You can now call our specially trained advisors FREE from your mobile by dialling 402.
ham	Ahhhh...just woken up!had a bad dream about u tho,so i dont like u right now :) i didnt know anything about comedy night but i guess im up for it.
ham	What i mean was i left too early to check, cos i'm working a 9-6.
ham	A few people are at the game, I'm at the mall with iouri and kaila
ham	We made it! Eta at taunton is 12:30 as planned, hope thatâs still okday?! Good to see you! :-xx
"ham	""HEY KATE"," HOPE UR OK... WILL GIVE U A BUZ WEDLUNCH. GO OUTSOMEWHERE 4 ADRINK IN TOWN..CUD GO 2WATERSHD 4 A BIT? PPL FROMWRK WILL BTHERE. LOVE PETEXXX."""
ham	Just looked it up and addie goes back Monday, sucks to be her
ham	Hmph. Go head, big baller.
ham	Nope. Since ayo travelled, he has forgotten his guy
ham	My mobile number.pls sms ur mail id.convey regards to achan,amma.Rakhesh.Qatar
ham	By the way, 'rencontre' is to meet again. Mountains dont....
ham	Uncle G, just checking up on you. Do have a rewarding month
ham	It's cool, we can last a little while. Getting more any time soon?
ham	* Was really good to see you the other day dudette, been missing you!
ham	Dunno, my dad said he coming home 2 bring us out 4 lunch. Yup i go w u lor. I call u when i reach school lor...
ham	We have sent JD for Customer Service cum Accounts Executive to ur mail id, For details contact us
ham	Geeeee ... Your internet is really bad today, eh ?
ham	Sorry, I'll call you  later. I am in meeting sir.
spam	This is the 2nd attempt to contract U, you have won this weeks top prize of either Â£1000 cash or Â£200 prize. Just call 09066361921
ham	Well, i'm glad you didn't find it totally disagreeable ... Lol
"ham	""Keep ur problems in ur heart", b'coz nobody will fight for u. Only u &amp; u have to fight for ur self &amp; win the battle. -VIVEKANAND- G 9t.. SD..
ham	Yeah, give me a call if you've got a minute
ham	Good morning, im suffering from fever and dysentry ..will not be able to come to office today.
ham	St andre, virgil's cream
ham	My fri ah... Okie lor,goin 4 my drivin den go shoppin after tt...
ham	Aight, call me once you're close
ham	The sign of maturity is not when we start saying big things.. But actually it is, when we start understanding small things... *HAVE A NICE EVENING* BSLVYL
ham	Oops I did have it,  &lt;#&gt; ?
ham	Hi Chikku, send some nice msgs
ham	He is impossible to argue with and he always treats me like his sub, like he never released me ... Which he did and I will remind him of that if necessary
ham	After my work ah... Den 6 plus lor... U workin oso rite... Den go orchard lor, no other place to go liao...
ham	To the wonderful Okors, have a great month. We cherish you guys and wish you well each day. MojiBiola
ham	Happy new year to u and ur family...may this new year bring happiness , stability and tranquility to ur vibrant colourful life:):)
ham	Like  &lt;#&gt; , same question
ham	Sir, I need Velusamy sir's date of birth and company bank facilities details.
ham	Iâve got some salt, you can rub it in my open wounds if you like!
ham	Aight, text me tonight and we'll see what's up
ham	Very strange.  and  are watching the 2nd one now but i'm in bed. Sweet dreams, miss u 
ham	Babe! I fucking love you too !! You know? Fuck it was so good to hear your voice. I so need that. I crave it. I can't get enough. I adore you, Ahmad *kisses*
ham	Fuuuuck I need to stop sleepin, sup
ham	Sorry, I'll call later
ham	It's wylie, you in tampa or sarasota?
spam	Spook up your mob with a Halloween collection of a logo & pic message plus a free eerie tone, txt CARD SPOOK to 8007 zed 08701417012150p per logo/pic 
ham	I know you are thinkin malaria. But relax, children cant handle malaria. She would have been worse and its gastroenteritis. If she takes enough to replace her loss her temp will reduce. And if you give her malaria meds now she will just vomit. Its a self limiting illness she has which means in a few days it will completely stop
ham	Jane babes not goin 2 wrk, feel ill after lst nite. Foned in already cover 4 me chuck.:-)
ham	Nope, I'm still in the market
ham	Jay wants to work out first, how's 4 sound?
ham	Gud gud..k, chikku tke care.. sleep well gud nyt
ham	K I'm leaving soon, be there a little after 9
ham	As usual..iam fine, happy &amp; doing well..:)
"ham	""ER"," ENJOYIN INDIANS AT THE MO..yeP. SaLL gOoD HehE ;> hows bout u shexy? Pete Xx"""
spam	If you don't, your prize will go to another customer. T&C at www.t-c.biz 18+ 150p/min Polo Ltd Suite 373 London W1J 6HL Please call back if busy 
ham	Hi. Hope ur day * good! Back from walk, table booked for half eight. Let me know when ur coming over.
ham	Best msg: It's hard to be with a person, when u know that one more step foward will make u fall in love.. &amp; One step back can ruin ur friendship.. good night:-) ...
ham	Vikky, come around  &lt;TIME&gt; ..
ham	And how you will do that, princess? :)
ham	Yeah, probably here for a while
spam	URGENT! You have won a 1 week FREE membership in our Â£100,000 Prize Jackpot! Txt the word: CLAIM to No: 81010 T&C www.dbuk.net LCCLTD POBOX 4403LDNW1A7RW18
ham	I can. But it will tell quite long, cos i haven't finish my film yet...
ham	Jolly good! By the way,  will give u tickets for sat eve 7.30. Speak before then x
ham	yeah, that's what I was thinking
ham	K, fyi I'm back in my parents' place in south tampa so I might need to do the deal somewhere else
ham	Thanks, I'll keep that in mind
ham	Dear Sir,Salam Alaikkum.Pride and Pleasure meeting you today at the Tea Shop.We are pleased to send you our contact number at Qatar.Rakhesh an Indian.Pls save our Number.Respectful Regards.
ham	Gal n boy walking in d park. gal-can i hold ur hand? boy-y? do u think i would run away? gal-no, jst wana c how it feels walking in heaven with an prince..GN:-)
ham	Sir, waiting for your letter.
ham	Neither [in sterm voice] - i'm studying. All fine with me! Not sure the  thing will be resolved, tho. Anyway. Have a fab hols
ham	Living is very simple.. Loving is also simple.. Laughing is too simple.. Winning is tooo simple.. But, Being 'SIMPLE' is very difficult...;-) :-)
ham	I think your mentor is , but not 100 percent sure.
ham	Lol, oh you got a friend for the dog ?
ham	Ok., is any problem to u frm him? Wats matter?
ham	K I'll head out in a few mins, see you there
spam	Free entry to the gr8prizes wkly comp 4 a chance to win the latest Nokia 8800, PSP or Â£250 cash every wk.TXT GREAT to 80878 http//www.gr8prizes.com 08715705022
ham	I can make it up there, squeezed  &lt;#&gt;  bucks out of my dad
ham	All done, all handed in. Don't know if mega shop in asda counts as celebration but thats what i'm doing!
ham	Daddy, shu shu is looking 4 u... U wan me 2 tell him u're not in singapore or wat?
ham	Hi elaine, is today's meeting confirmed?
ham	Sorry, I'll call later
ham	If you can make it any time tonight or whenever you can it's cool, just text me whenever you're around
ham	By the way, make sure u get train to worc foregate street not shrub hill. Have fun night x
ham	I thought i'd get him a watch, just cos thats the kind of thing u get4an18th. And he loves so much!
ham	And that's fine, I got enough bud to last most of the night at least
ham	aight we can pick some up, you open before tonight?
spam	Latest News! Police station toilet stolen, cops have nothing to go on!
ham	Sorry, I'll call later
spam	URGENT! Last weekend's draw shows that you have won Â£1000 cash or a Spanish holiday! CALL NOW 09050000332 to claim. T&C: RSTM, SW7 3SS. 150ppm
ham	Perhaps * is much easy give your account identification, so i will tomorrow at UNI
ham	Machan you go to gym tomorrow,  i wil come late goodnight.
ham	Itâs reassuring, in this crazy world.
ham	Just making dinner, you ?
ham	By the way, i've put a skip right outside the front of the house so you can see which house it is. Just pull up before it.
ham	Total disappointment, when I texted you was the craziest shit got :(
ham	Hey chief, can you give me a bell when you get this. Need to talk to you about this royal visit on the 1st june. 
ham	I know you are thinkin malaria. But relax, children cant handle malaria. She would have been worse and its gastroenteritis. If she takes enough to replace her loss her temp will reduce. And if you give her malaria meds now she will just vomit. Its a self limiting illness she has which means in a few days it will completely stop
ham	I'm taking derek &amp; taylor to walmart, if I'm not back by the time you're done just leave the mouse on my desk and I'll text you when priscilla's ready
ham	No, I was trying it all weekend ;V
ham	Cool, what time you think you can get here?
ham	Sorry, I'll call later
spam	REMINDER FROM O2: To get 2.50 pounds free call credit and details of great offers pls reply 2 this text with your valid name, house no and postcode
spam	This is the 2nd time we have tried 2 contact u. U have won the Â£750 Pound prize. 2 claim is easy, call 087187272008 NOW1! Only 10p per minute. BT-national-rate.
ham	Pity, * was in mood for that. So...any other suggestions?
